{"cameraMode":{"drawMode":0,"name":"Shaded","section":"Shading Mode"},"sceneLighting":false,"audioPlay":false,"sceneViewState":{"showFog":true,"showMaterialUpdate":false,"showSkybox":true,"showFlares":true,"showImageEffects":true,"showParticleSystems":true},"in2DMode":false,"pivot":{"x":-20.0,"y":2.25000262260437,"z":-5.000000476837158},"rotation":{"x":-0.5663447380065918,"y":-0.011873796582221985,"z":0.008159895427525044,"w":-0.8240489959716797},"size":13.721646308898926,"orthographic":false}