{"cameraMode":{"drawMode":0,"name":"Shaded","section":"Shading Mode"},"sceneLighting":true,"audioPlay":false,"sceneViewState":{"showFog":true,"showMaterialUpdate":false,"showSkybox":true,"showFlares":true,"showImageEffects":true,"showParticleSystems":true},"in2DMode":false,"pivot":{"x":19.180801391601564,"y":-115.52837371826172,"z":-122.7173080444336},"rotation":{"x":-0.6906339526176453,"y":0.004824725911021233,"z":-0.004534127656370401,"w":-0.7232887744903565},"size":497.78448486328127,"orthographic":false}