{"cameraMode":{"drawMode":0,"name":"Shaded","section":"Shading Mode"},"sceneLighting":false,"audioPlay":false,"sceneViewState":{"showFog":true,"showMaterialUpdate":false,"showSkybox":true,"showFlares":true,"showImageEffects":true,"showParticleSystems":true},"in2DMode":false,"pivot":{"x":-4.230538368225098,"y":-0.21774864196777345,"z":0.26510173082351687},"rotation":{"x":-0.48987144231796267,"y":0.5066578388214111,"z":-0.45828574895858767,"w":-0.54157954454422},"size":22.819971084594728,"orthographic":false}