{"cameraMode":{"drawMode":0,"name":"Shaded","section":"Shading Mode"},"sceneLighting":false,"audioPlay":false,"sceneViewState":{"showFog":true,"showMaterialUpdate":false,"showSkybox":true,"showFlares":true,"showImageEffects":true,"showParticleSystems":true},"in2DMode":false,"pivot":{"x":-6.029802322387695,"y":36.527259826660159,"z":225.5198974609375},"rotation":{"x":-0.14090311527252198,"y":0.6578603982925415,"z":-0.12696586549282075,"w":-0.7290036678314209},"size":39.29182815551758,"orthographic":false}